<?xml version="1.0" encoding="UTF-8"?>
<beans xmlns:xsi="http://www.w3.org/2001/XMLSchema-instance"
	xmlns:context="http://www.springframework.org/schema/context" 
	xmlns="http://www.springframework.org/schema/beans"
	xmlns:mvc="http://www.springframework.org/schema/mvc" 
	xmlns:task="http://www.springframework.org/schema/task"
	xsi:schemaLocation="
		http://www.springframework.org/schema/context
		http://www.springframework.org/schema/context/spring-context.xsd
		http://www.springframework.org/schema/mvc
		http://www.springframework.org/schema/mvc/spring-mvc.xsd
		http://www.springframework.org/schema/beans
		http://www.springframework.org/schema/beans/spring-beans.xsd
		http://www.springframework.org/schema/task
		http://www.springframework.org/schema/task/spring-task.xsd ">

	<context:property-placeholder location="classpath:conf.properties" />
	
	<task:annotation-driven />
	<mvc:annotation-driven >
		<mvc:message-converters register-defaults="true">
			<bean class="org.springframework.http.converter.json.MappingJackson2HttpMessageConverter">  
				<property name="prefixJson" value="false"/>  
				<property name="supportedMediaTypes">  
					<list>  
						<value>application/json;charset=UTF-8</value>  
						<value>text/json;charset=UTF-8</value>  
						<value>text/html;charset=UTF-8</value><!-- 避免IE出现下载JSON文件的情况 -->
					</list>  
				</property>  
			</bean>
		</mvc:message-converters>
	</mvc:annotation-driven>

	<mvc:default-servlet-handler />
	<mvc:view-controller path="/" view-name="index" />
	<mvc:resources mapping="/static/**" location="/static/" />

	<mvc:cors>
		<mvc:mapping path="/**" />
	</mvc:cors>
	
	<bean class="org.springframework.web.servlet.view.InternalResourceViewResolver">
		<property name="prefix" value="/WEB-INF/views/" />
		<property name="suffix" value=".jsp" />
		<property name="redirectHttp10Compatible" value="false" />
	</bean>

	<bean id="multipartResolver"
		class="org.springframework.web.multipart.commons.CommonsMultipartResolver">
		<property name="maxInMemorySize" value="100000000" />
		<property name="maxUploadSize" value="500000000" />
	</bean>
	
	<context:component-scan base-package="com.gaocy" />

</beans>